a,       OSM,     Optimized
1,       0.000004824,          0.000004824
2,       0.000004687,           0
3,       0.000009425,          0
4,       0.000004794,        0.000004794
5,       0.000004565,          0
